Person_Identifier,First_Name,Middle_Name,Last_Name,Full_Legal_Name,Nickname,Suffix_Name,Birth_Date,Birth_Place_Name,Gender_Code,Prefix_Name
1,Mary,Policy,Holder,,,,,,,
2,Bob,Insurance,Agent,,,,,,,
3,Alice,Under,Writer,,,,,,,
4,,,,,,,,,,
5,,,,,,,,,,
6,,,,,,,,,,
7,,,,,,,,,,
8,,,,,,,,,,
9,,,,,,,,,,
10,,,,,,,,,,
11,,,,,,,,,,
12,,,,,,,,,,
13,,,,,,,,,,
14,,,,,,,,,,
15,,,,,,,,,,
16,,,,,,,,,,
17,,,,,,,,,,
18,,,,,,,,,,
19,,,,,,,,,,
20,,,,,,,,,,
21,,,,,,,,,,
22,,,,,,,,,,
23,,,,,,,,,,
24,,,,,,,,,,
25,,,,,,,,,,
26,,,,,,,,,,
27,,,,,,,,,,
28,,,,,,,,,,
29,,,,,,,,,,